Domain,Filename Timestamp,Produced At
amazon.com,2024-09-07 23:53:57,2024-09-07 10:13:16
amazon.com,2024-09-07 23:59:43,2024-09-07 10:13:16
amazon.com,2024-09-08 00:08:43,2024-09-07 10:13:16
amazon.com,2024-09-08 00:10:41,2024-09-07 10:13:16
amazon.com,2024-09-08 00:40:45,2024-09-07 10:13:16
amazon.com,2024-09-08 01:10:50,2024-09-07 10:13:16
amazon.com,2024-09-08 01:40:54,2024-09-07 10:13:16
amazon.com,2024-09-08 02:10:59,2024-09-07 10:13:16
amazon.com,2024-09-08 02:41:03,2024-09-07 10:13:16
amazon.com,2024-09-08 03:11:08,2024-09-07 10:13:16
amazon.com,2024-09-08 03:41:13,2024-09-07 10:13:16
amazon.com,2024-09-08 04:11:17,2024-09-07 10:13:16
amazon.com,2024-09-08 04:41:22,2024-09-07 10:13:16
amazon.com,2024-09-08 05:11:26,2024-09-07 10:13:16
amazon.com,2024-09-08 05:41:31,2024-09-07 10:13:16
amazon.com,2024-09-08 06:11:35,2024-09-07 10:13:16
amazon.com,2024-09-08 06:41:40,2024-09-07 10:13:16
amazon.com,2024-09-08 07:11:44,2024-09-07 10:13:16
amazon.com,2024-09-08 07:41:49,2024-09-07 10:13:16
amazon.com,2024-09-08 08:11:54,2024-09-07 10:13:16
amazon.com,2024-09-08 08:42:00,2024-09-07 10:13:16
amazon.com,2024-09-08 09:12:04,2024-09-07 10:13:16
amazon.com,2024-09-08 09:42:09,2024-09-07 10:13:16
amazon.com,2024-09-08 10:12:13,2024-09-07 10:13:16
amazon.com,2024-09-08 10:42:19,2024-09-07 10:13:16
amazon.com,2024-09-08 11:12:31,2024-09-07 10:13:16
amazon.com,2024-09-08 11:42:36,2024-09-07 10:13:16
amazon.com,2024-09-08 12:12:41,2024-09-07 10:13:16
amazon.com,2024-09-08 12:42:45,2024-09-07 10:13:16
amazon.com,2024-09-08 13:12:56,2024-09-07 10:13:16
amazon.com,2024-09-08 13:43:01,2024-09-07 10:13:16
amazon.com,2024-09-08 14:13:07,2024-09-07 10:13:16
amazon.com,2024-09-08 14:43:12,2024-09-07 10:13:16
amazon.com,2024-09-08 15:13:17,2024-09-07 10:13:16
amazon.com,2024-09-08 15:43:22,2024-09-07 10:13:16
amazon.com,2024-09-08 16:13:27,2024-09-07 10:13:16
amazon.com,2024-09-08 16:43:31,2024-09-07 10:13:16
amazon.com,2024-09-08 17:13:36,2024-09-07 10:13:16
amazon.com,2024-09-08 17:43:41,2024-09-08 10:13:16
amazon.com,2024-09-08 18:13:46,2024-09-08 10:13:16
amazon.com,2024-09-08 18:43:59,2024-09-08 10:13:16
amazon.com,2024-09-08 19:14:15,2024-09-08 10:13:16
amazon.com,2024-09-08 19:44:19,2024-09-08 10:13:16
amazon.com,2024-09-08 20:14:24,2024-09-08 10:13:16
amazon.com,2024-09-08 20:44:29,2024-09-08 10:13:16
amazon.com,2024-09-08 21:14:33,2024-09-08 10:13:16
amazon.com,2024-09-08 21:44:39,2024-09-08 10:13:16
amazon.com,2024-09-08 22:14:45,2024-09-08 10:13:16
amazon.com,2024-09-08 22:44:49,2024-09-08 10:13:16
amazon.com,2024-09-08 23:14:54,2024-09-08 10:13:16
amazon.com,2024-09-08 23:44:59,2024-09-08 10:13:16
apple.com,2024-09-07 23:53:56,2024-09-07 09:45:51
apple.com,2024-09-07 23:59:42,2024-09-07 17:46:37
apple.com,2024-09-08 00:08:43,2024-09-07 17:46:37
apple.com,2024-09-08 00:10:41,2024-09-07 17:46:37
apple.com,2024-09-08 00:40:45,2024-09-07 17:46:37
apple.com,2024-09-08 01:10:50,2024-09-07 17:46:37
apple.com,2024-09-08 01:40:54,2024-09-07 17:46:37
apple.com,2024-09-08 02:10:58,2024-09-07 17:46:37
apple.com,2024-09-08 02:41:02,2024-09-07 17:46:37
apple.com,2024-09-08 03:11:07,2024-09-07 17:46:37
apple.com,2024-09-08 03:41:12,2024-09-07 17:46:37
apple.com,2024-09-08 04:11:17,2024-09-07 17:46:37
apple.com,2024-09-08 04:41:21,2024-09-07 17:46:37
apple.com,2024-09-08 05:11:26,2024-09-07 17:46:37
apple.com,2024-09-08 05:41:30,2024-09-07 17:46:37
apple.com,2024-09-08 06:11:35,2024-09-07 17:46:37
apple.com,2024-09-08 06:41:39,2024-09-07 17:46:37
apple.com,2024-09-08 07:11:44,2024-09-07 17:46:37
apple.com,2024-09-08 07:41:48,2024-09-07 17:46:37
apple.com,2024-09-08 08:11:53,2024-09-08 01:47:02
apple.com,2024-09-08 09:12:04,2024-09-08 01:47:02
apple.com,2024-09-08 09:42:08,2024-09-08 01:47:02
apple.com,2024-09-08 10:12:12,2024-09-08 01:47:02
apple.com,2024-09-08 10:42:19,2024-09-08 01:47:02
apple.com,2024-09-08 11:12:31,2024-09-08 01:47:02
apple.com,2024-09-08 11:42:36,2024-09-08 01:47:02
apple.com,2024-09-08 12:12:41,2024-09-08 01:47:02
apple.com,2024-09-08 12:42:45,2024-09-08 01:47:02
apple.com,2024-09-08 13:12:55,2024-09-08 01:47:02
apple.com,2024-09-08 13:43:01,2024-09-08 01:47:02
apple.com,2024-09-08 14:13:07,2024-09-08 01:47:02
apple.com,2024-09-08 14:43:12,2024-09-08 01:47:02
apple.com,2024-09-08 15:13:17,2024-09-08 01:47:02
apple.com,2024-09-08 15:43:21,2024-09-08 01:47:02
apple.com,2024-09-08 16:13:26,2024-09-08 09:47:04
apple.com,2024-09-08 16:43:31,2024-09-08 09:47:04
apple.com,2024-09-08 17:13:36,2024-09-08 09:47:04
apple.com,2024-09-08 17:43:41,2024-09-08 09:47:04
apple.com,2024-09-08 18:13:46,2024-09-08 09:47:04
apple.com,2024-09-08 18:43:52,2024-09-08 09:47:04
apple.com,2024-09-08 19:14:14,2024-09-08 09:47:04
apple.com,2024-09-08 19:44:19,2024-09-08 09:47:04
apple.com,2024-09-08 20:14:24,2024-09-08 09:47:04
apple.com,2024-09-08 20:44:29,2024-09-08 09:47:04
apple.com,2024-09-08 21:14:33,2024-09-08 09:47:04
apple.com,2024-09-08 21:44:38,2024-09-08 09:47:04
apple.com,2024-09-08 22:14:44,2024-09-08 09:47:04
apple.com,2024-09-08 22:44:49,2024-09-08 09:47:04
apple.com,2024-09-08 23:14:54,2024-09-08 09:47:04
apple.com,2024-09-08 23:44:58,2024-09-08 09:47:04
casalemedia.com,2024-09-08 00:08:40,2024-09-02 14:02:00
casalemedia.com,2024-09-08 00:10:40,2024-09-02 14:02:00
casalemedia.com,2024-09-08 00:40:44,2024-09-02 14:02:00
casalemedia.com,2024-09-08 01:10:48,2024-09-02 14:02:00
casalemedia.com,2024-09-08 01:40:53,2024-09-02 14:02:00
casalemedia.com,2024-09-08 02:10:57,2024-09-02 14:02:00
casalemedia.com,2024-09-08 02:41:02,2024-09-02 14:02:00
casalemedia.com,2024-09-08 03:11:06,2024-09-06 07:56:00
casalemedia.com,2024-09-08 03:41:11,2024-09-06 07:56:00
casalemedia.com,2024-09-08 04:11:15,2024-09-06 07:56:00
casalemedia.com,2024-09-08 04:41:21,2024-09-06 07:56:00
casalemedia.com,2024-09-08 05:11:25,2024-09-06 07:56:00
casalemedia.com,2024-09-08 05:41:30,2024-09-06 07:56:00
casalemedia.com,2024-09-08 06:11:34,2024-09-06 07:56:00
casalemedia.com,2024-09-08 06:41:39,2024-09-06 07:56:00
casalemedia.com,2024-09-08 07:11:42,2024-09-06 07:56:00
casalemedia.com,2024-09-08 07:41:47,2024-09-06 07:56:00
casalemedia.com,2024-09-08 08:11:52,2024-09-06 07:56:00
casalemedia.com,2024-09-08 08:41:59,2024-09-06 07:56:00
casalemedia.com,2024-09-08 09:12:03,2024-09-06 07:56:00
casalemedia.com,2024-09-08 09:42:08,2024-09-06 07:56:00
casalemedia.com,2024-09-08 10:12:11,2024-09-06 07:56:00
casalemedia.com,2024-09-08 10:42:18,2024-09-06 07:56:00
casalemedia.com,2024-09-08 11:12:30,2024-09-06 07:56:00
casalemedia.com,2024-09-08 11:42:35,2024-09-06 07:56:00
casalemedia.com,2024-09-08 12:12:40,2024-09-06 07:56:00
casalemedia.com,2024-09-08 12:42:45,2024-09-06 07:56:00
casalemedia.com,2024-09-08 13:12:54,2024-09-06 07:56:00
casalemedia.com,2024-09-08 13:43:01,2024-09-06 07:56:00
casalemedia.com,2024-09-08 14:13:06,2024-09-06 07:56:00
casalemedia.com,2024-09-08 14:43:11,2024-09-06 07:56:00
casalemedia.com,2024-09-08 15:13:15,2024-09-06 07:56:00
casalemedia.com,2024-09-08 15:43:21,2024-09-06 07:56:00
casalemedia.com,2024-09-08 16:13:25,2024-09-06 07:56:00
casalemedia.com,2024-09-08 16:43:31,2024-09-06 07:56:00
casalemedia.com,2024-09-08 17:13:35,2024-09-06 07:56:00
casalemedia.com,2024-09-08 17:43:40,2024-09-06 07:56:00
casalemedia.com,2024-09-08 18:13:44,2024-09-06 07:56:00
casalemedia.com,2024-09-08 18:43:51,2024-09-06 07:56:00
casalemedia.com,2024-09-08 19:14:13,2024-09-06 07:56:00
casalemedia.com,2024-09-08 19:44:18,2024-09-06 07:56:00
casalemedia.com,2024-09-08 20:14:22,2024-09-06 07:56:00
casalemedia.com,2024-09-08 20:44:28,2024-09-06 07:56:00
casalemedia.com,2024-09-08 21:14:32,2024-09-06 07:56:00
casalemedia.com,2024-09-08 21:44:38,2024-09-06 07:56:00
casalemedia.com,2024-09-08 22:14:43,2024-09-06 07:56:00
casalemedia.com,2024-09-08 22:44:48,2024-09-06 07:56:00
casalemedia.com,2024-09-08 23:14:52,2024-09-06 07:56:00
casalemedia.com,2024-09-08 23:44:58,2024-09-06 07:56:00
fastcompany.com,2024-09-08 00:10:42,2024-09-07 16:52:00
fastcompany.com,2024-09-08 00:40:46,2024-09-07 16:52:00
fastcompany.com,2024-09-08 01:10:51,2024-09-07 16:52:00
fastcompany.com,2024-09-08 01:40:55,2024-09-07 16:52:00
fastcompany.com,2024-09-08 02:11:00,2024-09-07 16:52:00
fastcompany.com,2024-09-08 02:41:04,2024-09-07 16:52:00
fastcompany.com,2024-09-08 03:11:09,2024-09-07 16:52:00
fastcompany.com,2024-09-08 03:41:14,2024-09-07 21:51:00
fastcompany.com,2024-09-08 04:11:18,2024-09-07 21:51:00
fastcompany.com,2024-09-08 04:41:22,2024-09-07 21:51:00
fastcompany.com,2024-09-08 05:11:27,2024-09-07 21:51:00
fastcompany.com,2024-09-08 05:41:32,2024-09-07 21:51:00
fastcompany.com,2024-09-08 06:11:36,2024-09-07 21:51:00
fastcompany.com,2024-09-08 06:41:41,2024-09-07 21:51:00
fastcompany.com,2024-09-08 07:11:45,2024-09-07 21:51:00
fastcompany.com,2024-09-08 07:41:49,2024-09-07 21:51:00
fastcompany.com,2024-09-08 08:11:57,2024-09-07 21:51:00
fastcompany.com,2024-09-08 08:42:01,2024-09-08 02:13:00
fastcompany.com,2024-09-08 09:12:05,2024-09-08 02:13:00
fastcompany.com,2024-09-08 09:42:09,2024-09-08 02:13:00
fastcompany.com,2024-09-08 10:12:14,2024-09-08 02:13:00
fastcompany.com,2024-09-08 10:42:27,2024-09-08 02:13:00
fastcompany.com,2024-09-08 11:12:33,2024-09-08 02:13:00
fastcompany.com,2024-09-08 11:42:37,2024-09-08 02:13:00
fastcompany.com,2024-09-08 12:12:42,2024-09-08 02:13:00
fastcompany.com,2024-09-08 12:42:46,2024-09-08 02:13:00
fastcompany.com,2024-09-08 13:12:57,2024-09-08 02:13:00
fastcompany.com,2024-09-08 13:43:03,2024-09-08 07:58:00
fastcompany.com,2024-09-08 14:13:08,2024-09-08 07:58:00
fastcompany.com,2024-09-08 14:43:13,2024-09-08 07:58:00
fastcompany.com,2024-09-08 15:13:18,2024-09-08 07:58:00
fastcompany.com,2024-09-08 15:43:23,2024-09-08 07:58:00
fastcompany.com,2024-09-08 16:13:28,2024-09-08 07:58:00
fastcompany.com,2024-09-08 16:43:32,2024-09-08 07:58:00
fastcompany.com,2024-09-08 17:13:37,2024-09-08 07:58:00
fastcompany.com,2024-09-08 17:43:42,2024-09-08 07:58:00
fastcompany.com,2024-09-08 18:13:47,2024-09-08 07:58:00
fastcompany.com,2024-09-08 18:44:00,2024-09-08 12:51:00
fastcompany.com,2024-09-08 19:14:16,2024-09-08 12:51:00
fastcompany.com,2024-09-08 19:44:20,2024-09-08 12:51:00
fastcompany.com,2024-09-08 20:14:25,2024-09-08 12:51:00
fastcompany.com,2024-09-08 20:44:30,2024-09-08 12:51:00
fastcompany.com,2024-09-08 21:14:35,2024-09-08 12:51:00
fastcompany.com,2024-09-08 21:44:40,2024-09-08 12:51:00
fastcompany.com,2024-09-08 22:14:46,2024-09-08 12:51:00
fastcompany.com,2024-09-08 22:44:50,2024-09-08 12:51:00
fastcompany.com,2024-09-08 23:14:55,2024-09-08 12:51:00
fastcompany.com,2024-09-08 23:45:00,2024-09-08 17:58:00
fastly.net,2024-09-08 00:08:38,2024-09-07 16:15:00
fastly.net,2024-09-08 00:10:39,2024-09-07 16:15:00
fastly.net,2024-09-08 00:40:43,2024-09-07 16:15:00
fastly.net,2024-09-08 01:10:47,2024-09-07 16:15:00
fastly.net,2024-09-08 01:40:52,2024-09-07 16:15:00
fastly.net,2024-09-08 02:10:56,2024-09-07 16:15:00
fastly.net,2024-09-08 02:41:00,2024-09-07 16:15:00
fastly.net,2024-09-08 03:11:05,2024-09-07 16:15:00
fastly.net,2024-09-08 03:41:10,2024-09-07 16:15:00
fastly.net,2024-09-08 04:11:14,2024-09-07 16:15:00
fastly.net,2024-09-08 04:41:20,2024-09-07 16:15:00
fastly.net,2024-09-08 05:11:23,2024-09-07 16:15:00
fastly.net,2024-09-08 05:41:28,2024-09-07 16:15:00
fastly.net,2024-09-08 06:11:33,2024-09-07 16:15:00
fastly.net,2024-09-08 06:41:38,2024-09-07 16:15:00
fastly.net,2024-09-08 07:11:41,2024-09-07 16:15:00
fastly.net,2024-09-08 07:41:46,2024-09-07 16:15:00
fastly.net,2024-09-08 08:11:51,2024-09-07 16:15:00
fastly.net,2024-09-08 08:41:58,2024-09-07 16:15:00
fastly.net,2024-09-08 09:12:02,2024-09-07 16:15:00
fastly.net,2024-09-08 09:42:07,2024-09-07 16:15:00
fastly.net,2024-09-08 10:12:10,2024-09-07 16:15:00
fastly.net,2024-09-08 10:42:17,2024-09-07 16:15:00
fastly.net,2024-09-08 11:12:29,2024-09-07 16:15:00
fastly.net,2024-09-08 11:42:34,2024-09-07 16:15:00
fastly.net,2024-09-08 12:12:38,2024-09-07 16:15:00
fastly.net,2024-09-08 12:42:44,2024-09-07 16:15:00
fastly.net,2024-09-08 13:12:52,2024-09-07 16:15:00
fastly.net,2024-09-08 13:42:59,2024-09-07 16:15:00
fastly.net,2024-09-08 14:13:05,2024-09-07 16:15:00
fastly.net,2024-09-08 14:43:10,2024-09-07 16:15:00
fastly.net,2024-09-08 15:43:19,2024-09-07 16:15:00
fastly.net,2024-09-08 16:13:24,2024-09-07 16:15:00
fastly.net,2024-09-08 16:43:29,2024-09-07 16:15:00
fastly.net,2024-09-08 17:13:33,2024-09-07 16:15:00
fastly.net,2024-09-08 17:43:39,2024-09-07 16:15:00
fastly.net,2024-09-08 18:13:43,2024-09-07 16:15:00
fastly.net,2024-09-08 18:43:50,2024-09-07 16:15:00
fastly.net,2024-09-08 19:14:11,2024-09-07 16:15:00
fastly.net,2024-09-08 19:44:17,2024-09-07 16:15:00
fastly.net,2024-09-08 20:14:21,2024-09-07 16:15:00
fastly.net,2024-09-08 20:44:27,2024-09-07 16:15:00
fastly.net,2024-09-08 21:14:31,2024-09-07 16:15:00
fastly.net,2024-09-08 21:44:36,2024-09-07 16:15:00
fastly.net,2024-09-08 22:14:42,2024-09-07 16:15:00
fastly.net,2024-09-08 22:44:47,2024-09-07 16:15:00
fastly.net,2024-09-08 23:14:51,2024-09-07 16:15:00
fastly.net,2024-09-08 23:44:57,2024-09-07 16:15:00
icloud.com,2024-09-07 23:53:58,2024-09-07 12:56:45
icloud.com,2024-09-07 23:59:43,2024-09-07 12:56:45
icloud.com,2024-09-08 00:08:45,2024-09-07 12:56:45
icloud.com,2024-09-08 00:10:42,2024-09-07 12:56:45
icloud.com,2024-09-08 00:40:46,2024-09-07 12:56:45
icloud.com,2024-09-08 01:40:55,2024-09-07 12:56:45
icloud.com,2024-09-08 02:10:59,2024-09-07 12:56:45
icloud.com,2024-09-08 02:41:03,2024-09-07 12:56:45
icloud.com,2024-09-08 03:11:08,2024-09-07 20:56:58
icloud.com,2024-09-08 03:41:14,2024-09-07 20:56:58
icloud.com,2024-09-08 04:11:18,2024-09-07 20:56:58
icloud.com,2024-09-08 04:41:22,2024-09-07 20:56:58
icloud.com,2024-09-08 05:11:27,2024-09-07 20:56:58
icloud.com,2024-09-08 05:41:31,2024-09-07 20:56:58
icloud.com,2024-09-08 06:11:36,2024-09-07 20:56:58
icloud.com,2024-09-08 06:41:40,2024-09-07 20:56:58
icloud.com,2024-09-08 07:11:45,2024-09-07 20:56:58
icloud.com,2024-09-08 07:41:49,2024-09-07 20:56:58
icloud.com,2024-09-08 08:11:55,2024-09-07 20:56:58
icloud.com,2024-09-08 09:12:05,2024-09-07 20:56:58
icloud.com,2024-09-08 09:42:09,2024-09-07 20:56:58
icloud.com,2024-09-08 10:12:14,2024-09-07 20:56:58
icloud.com,2024-09-08 10:42:20,2024-09-07 20:56:58
icloud.com,2024-09-08 11:12:32,2024-09-08 04:59:55
icloud.com,2024-09-08 11:42:37,2024-09-08 04:59:55
icloud.com,2024-09-08 12:12:42,2024-09-08 04:59:55
icloud.com,2024-09-08 12:42:46,2024-09-08 04:59:55
icloud.com,2024-09-08 13:12:56,2024-09-08 04:59:55
icloud.com,2024-09-08 13:43:02,2024-09-08 04:59:55
icloud.com,2024-09-08 14:13:08,2024-09-08 04:59:55
icloud.com,2024-09-08 14:43:13,2024-09-08 04:59:55
icloud.com,2024-09-08 15:13:18,2024-09-08 04:59:55
icloud.com,2024-09-08 15:43:22,2024-09-08 04:59:55
icloud.com,2024-09-08 16:13:27,2024-09-08 04:59:55
icloud.com,2024-09-08 16:43:32,2024-09-08 04:59:55
icloud.com,2024-09-08 17:13:37,2024-09-08 04:59:55
icloud.com,2024-09-08 17:43:42,2024-09-08 04:59:55
icloud.com,2024-09-08 18:13:47,2024-09-08 04:59:55
icloud.com,2024-09-08 18:44:00,2024-09-08 04:59:55
icloud.com,2024-09-08 19:14:16,2024-09-08 04:59:55
icloud.com,2024-09-08 19:44:20,2024-09-08 13:06:06
icloud.com,2024-09-08 20:14:25,2024-09-08 13:06:06
icloud.com,2024-09-08 20:44:30,2024-09-08 13:06:06
icloud.com,2024-09-08 21:14:34,2024-09-08 13:06:06
icloud.com,2024-09-08 21:44:40,2024-09-08 13:06:06
icloud.com,2024-09-08 22:14:45,2024-09-08 13:06:06
icloud.com,2024-09-08 22:44:50,2024-09-08 13:06:06
icloud.com,2024-09-08 23:14:55,2024-09-08 13:06:06
icloud.com,2024-09-08 23:45:00,2024-09-08 13:06:06
linkedin.com,2024-09-07 23:53:56,2024-09-02 13:36:48
linkedin.com,2024-09-07 23:59:42,2024-09-02 13:36:48
linkedin.com,2024-09-08 00:08:42,2024-09-02 13:36:48
linkedin.com,2024-09-08 00:10:41,2024-09-04 13:36:41
linkedin.com,2024-09-08 00:40:45,2024-09-02 13:36:48
linkedin.com,2024-09-08 01:10:49,2024-09-02 13:36:48
linkedin.com,2024-09-08 01:40:54,2024-09-02 13:36:48
linkedin.com,2024-09-08 02:10:58,2024-09-02 13:36:48
linkedin.com,2024-09-08 02:41:02,2024-09-02 13:36:48
linkedin.com,2024-09-08 03:11:07,2024-09-02 13:36:48
linkedin.com,2024-09-08 03:41:12,2024-09-02 13:36:48
linkedin.com,2024-09-08 04:11:16,2024-09-02 13:36:48
linkedin.com,2024-09-08 04:41:21,2024-09-05 13:36:36
linkedin.com,2024-09-08 05:11:26,2024-09-02 13:36:48
linkedin.com,2024-09-08 05:41:30,2024-09-02 13:36:48
linkedin.com,2024-09-08 06:11:35,2024-09-02 13:36:48
linkedin.com,2024-09-08 06:41:39,2024-09-02 13:36:48
linkedin.com,2024-09-08 07:11:43,2024-09-06 13:36:37
linkedin.com,2024-09-08 07:41:48,2024-09-02 13:36:48
linkedin.com,2024-09-08 08:11:53,2024-09-02 13:36:48
linkedin.com,2024-09-08 08:41:59,2024-09-04 13:36:41
linkedin.com,2024-09-08 09:12:04,2024-09-02 13:36:48
linkedin.com,2024-09-08 09:42:08,2024-09-06 13:36:37
linkedin.com,2024-09-08 10:12:12,2024-09-02 13:36:48
linkedin.com,2024-09-08 10:42:19,2024-09-02 13:36:48
linkedin.com,2024-09-08 11:12:31,2024-09-02 13:36:48
linkedin.com,2024-09-08 11:42:35,2024-09-02 13:36:48
linkedin.com,2024-09-08 12:12:40,2024-09-02 13:36:48
linkedin.com,2024-09-08 12:42:45,2024-09-02 13:36:48
linkedin.com,2024-09-08 13:12:55,2024-09-02 13:36:48
linkedin.com,2024-09-08 13:43:01,2024-09-02 13:36:48
linkedin.com,2024-09-08 14:13:06,2024-09-02 13:36:48
linkedin.com,2024-09-08 14:43:12,2024-09-02 13:36:48
linkedin.com,2024-09-08 15:13:16,2024-09-02 13:36:48
linkedin.com,2024-09-08 15:43:21,2024-09-02 13:36:48
linkedin.com,2024-09-08 16:13:26,2024-09-02 13:36:48
linkedin.com,2024-09-08 16:43:31,2024-09-02 13:36:48
linkedin.com,2024-09-08 17:13:36,2024-09-02 13:36:48
linkedin.com,2024-09-08 17:43:41,2024-09-02 13:36:48
linkedin.com,2024-09-08 18:13:45,2024-09-02 13:36:48
linkedin.com,2024-09-08 18:43:52,2024-09-02 13:36:48
linkedin.com,2024-09-08 19:14:14,2024-09-02 13:36:48
linkedin.com,2024-09-08 19:44:19,2024-09-02 13:36:48
linkedin.com,2024-09-08 20:14:23,2024-09-06 13:36:37
linkedin.com,2024-09-08 20:44:28,2024-09-02 13:36:48
linkedin.com,2024-09-08 21:14:33,2024-09-02 13:36:48
linkedin.com,2024-09-08 21:44:38,2024-09-02 13:36:48
linkedin.com,2024-09-08 22:14:43,2024-09-02 13:36:48
linkedin.com,2024-09-08 22:44:49,2024-09-02 13:36:48
linkedin.com,2024-09-08 23:14:53,2024-09-02 13:36:48
linkedin.com,2024-09-08 23:44:58,2024-09-02 13:36:48
roblox.com,2024-09-08 00:08:41,2024-09-07 15:48:14
roblox.com,2024-09-08 00:10:40,2024-09-05 22:57:00
roblox.com,2024-09-08 00:40:44,2024-09-05 22:57:00
roblox.com,2024-09-08 01:10:48,2024-09-05 22:57:00
roblox.com,2024-09-08 01:40:53,2024-09-05 22:57:00
roblox.com,2024-09-08 02:10:58,2024-09-07 12:42:27
roblox.com,2024-09-08 02:41:02,2024-09-07 12:42:27
roblox.com,2024-09-08 03:11:06,2024-09-04 03:48:13
roblox.com,2024-09-08 03:41:11,2024-09-07 12:42:27
roblox.com,2024-09-08 04:11:16,2024-09-07 12:42:27
roblox.com,2024-09-08 04:41:21,2024-09-07 12:42:27
roblox.com,2024-09-08 05:11:25,2024-09-05 11:20:27
roblox.com,2024-09-08 05:41:30,2024-09-07 12:42:27
roblox.com,2024-09-08 06:11:34,2024-09-05 22:57:00
roblox.com,2024-09-08 06:41:39,2024-09-07 12:42:27
roblox.com,2024-09-08 07:11:43,2024-09-05 22:57:00
roblox.com,2024-09-08 07:41:47,2024-09-05 22:57:00
roblox.com,2024-09-08 08:11:52,2024-09-05 22:57:00
roblox.com,2024-09-08 08:41:59,2024-09-05 22:57:00
roblox.com,2024-09-08 09:12:03,2024-09-05 22:57:00
roblox.com,2024-09-08 09:42:08,2024-09-05 22:57:00
roblox.com,2024-09-08 10:12:12,2024-09-07 12:42:27
roblox.com,2024-09-08 10:42:19,2024-09-05 22:57:00
roblox.com,2024-09-08 11:12:30,2024-09-07 12:42:27
roblox.com,2024-09-08 11:42:35,2024-09-05 22:57:00
roblox.com,2024-09-08 12:12:40,2024-09-07 12:42:27
roblox.com,2024-09-08 12:42:45,2024-09-05 22:57:00
roblox.com,2024-09-08 13:12:54,2024-09-05 22:57:00
roblox.com,2024-09-08 13:43:01,2024-09-05 22:57:00
roblox.com,2024-09-08 14:13:06,2024-09-05 22:57:00
roblox.com,2024-09-08 14:43:11,2024-09-07 15:48:14
roblox.com,2024-09-08 15:13:16,2024-09-07 12:42:27
roblox.com,2024-09-08 15:43:21,2024-09-07 12:42:27
roblox.com,2024-09-08 16:13:25,2024-09-07 12:42:27
roblox.com,2024-09-08 16:43:31,2024-09-05 22:57:00
roblox.com,2024-09-08 17:13:35,2024-09-07 15:48:14
roblox.com,2024-09-08 17:43:40,2024-09-05 22:57:00
roblox.com,2024-09-08 18:13:45,2024-09-07 12:42:27
roblox.com,2024-09-08 18:43:51,2024-09-07 12:42:27
roblox.com,2024-09-08 19:14:14,2024-09-05 22:57:00
roblox.com,2024-09-08 19:44:18,2024-09-07 12:42:27
roblox.com,2024-09-08 20:14:23,2024-09-05 22:57:00
roblox.com,2024-09-08 20:44:28,2024-09-07 15:48:14
roblox.com,2024-09-08 21:14:32,2024-09-05 22:57:00
roblox.com,2024-09-08 21:44:38,2024-09-07 12:42:27
roblox.com,2024-09-08 22:14:43,2024-09-07 12:42:27
roblox.com,2024-09-08 22:44:48,2024-09-07 12:42:27
roblox.com,2024-09-08 23:14:53,2024-09-05 22:57:00
roblox.com,2024-09-08 23:44:58,2024-09-07 12:42:27
unity3d.com,2024-09-08 00:08:33,2024-09-04 20:07:03
unity3d.com,2024-09-08 00:10:39,2024-09-04 20:07:03
unity3d.com,2024-09-08 00:40:42,2024-09-04 20:07:03
unity3d.com,2024-09-08 01:10:47,2024-09-04 20:07:03
unity3d.com,2024-09-08 01:40:51,2024-09-04 20:07:03
unity3d.com,2024-09-08 02:10:56,2024-09-04 20:07:03
unity3d.com,2024-09-08 02:41:00,2024-09-04 20:07:03
unity3d.com,2024-09-08 03:11:04,2024-09-04 20:07:03
unity3d.com,2024-09-08 03:41:09,2024-09-04 20:07:03
unity3d.com,2024-09-08 04:11:14,2024-09-04 20:07:03
unity3d.com,2024-09-08 04:41:19,2024-09-04 20:07:03
unity3d.com,2024-09-08 05:11:23,2024-09-04 20:07:03
unity3d.com,2024-09-08 05:41:28,2024-09-04 20:07:03
unity3d.com,2024-09-08 06:11:32,2024-09-04 20:07:03
unity3d.com,2024-09-08 06:41:37,2024-09-04 20:07:03
unity3d.com,2024-09-08 07:11:41,2024-09-04 20:07:03
unity3d.com,2024-09-08 07:41:46,2024-09-04 20:07:03
unity3d.com,2024-09-08 08:11:50,2024-09-04 20:07:03
unity3d.com,2024-09-08 08:41:57,2024-09-04 20:07:03
unity3d.com,2024-09-08 09:12:01,2024-09-04 20:07:03
unity3d.com,2024-09-08 09:42:06,2024-09-04 20:07:03
unity3d.com,2024-09-08 10:12:10,2024-09-04 20:07:03
unity3d.com,2024-09-08 10:42:15,2024-09-04 20:07:03
unity3d.com,2024-09-08 11:12:28,2024-09-04 20:07:03
unity3d.com,2024-09-08 11:42:34,2024-09-04 20:07:03
unity3d.com,2024-09-08 12:12:38,2024-09-04 20:07:03
unity3d.com,2024-09-08 12:42:43,2024-09-04 20:07:03
unity3d.com,2024-09-08 13:12:52,2024-09-04 20:07:03
unity3d.com,2024-09-08 13:42:59,2024-09-04 20:07:03
unity3d.com,2024-09-08 14:13:04,2024-09-04 20:07:03
unity3d.com,2024-09-08 14:43:09,2024-09-04 20:07:03
unity3d.com,2024-09-08 15:13:14,2024-09-04 20:07:03
unity3d.com,2024-09-08 15:43:19,2024-09-04 20:07:03
unity3d.com,2024-09-08 16:13:23,2024-09-04 20:07:03
unity3d.com,2024-09-08 16:43:28,2024-09-04 20:07:03
unity3d.com,2024-09-08 17:13:33,2024-09-04 20:07:03
unity3d.com,2024-09-08 17:43:38,2024-09-04 20:07:03
unity3d.com,2024-09-08 18:13:43,2024-09-04 20:07:03
unity3d.com,2024-09-08 18:43:48,2024-09-04 20:07:03
unity3d.com,2024-09-08 19:14:11,2024-09-04 20:07:03
unity3d.com,2024-09-08 19:44:17,2024-09-04 20:07:03
unity3d.com,2024-09-08 20:14:21,2024-09-04 20:07:03
unity3d.com,2024-09-08 20:44:26,2024-09-04 20:07:03
unity3d.com,2024-09-08 21:14:31,2024-09-04 20:07:03
unity3d.com,2024-09-08 21:44:36,2024-09-04 20:07:03
unity3d.com,2024-09-08 22:14:41,2024-09-04 20:07:03
unity3d.com,2024-09-08 22:44:46,2024-09-04 20:07:03
unity3d.com,2024-09-08 23:14:51,2024-09-04 20:07:03
unity3d.com,2024-09-08 23:44:56,2024-09-04 20:07:03
wikipedia.org,2024-09-07 23:53:54,2024-09-06 16:00:25
wikipedia.org,2024-09-07 23:59:40,2024-09-06 16:00:25
wikipedia.org,2024-09-08 00:08:33,2024-09-06 16:00:25
wikipedia.org,2024-09-08 00:10:39,2024-09-06 16:00:25
wikipedia.org,2024-09-08 00:40:42,2024-09-06 16:00:25
wikipedia.org,2024-09-08 01:10:46,2024-09-06 16:00:25
wikipedia.org,2024-09-08 01:40:51,2024-09-06 16:00:25
wikipedia.org,2024-09-08 02:10:55,2024-09-06 16:00:25
wikipedia.org,2024-09-08 02:41:00,2024-09-07 16:00:25
wikipedia.org,2024-09-08 03:11:04,2024-09-07 16:00:25
wikipedia.org,2024-09-08 03:41:09,2024-09-07 16:00:25
wikipedia.org,2024-09-08 04:11:14,2024-09-07 16:00:25
wikipedia.org,2024-09-08 04:41:19,2024-09-07 16:00:25
wikipedia.org,2024-09-08 05:11:23,2024-09-07 16:00:25
wikipedia.org,2024-09-08 05:41:28,2024-09-07 16:00:25
wikipedia.org,2024-09-08 06:11:32,2024-09-07 16:00:25
wikipedia.org,2024-09-08 06:41:37,2024-09-07 16:00:25
wikipedia.org,2024-09-08 07:11:41,2024-09-07 16:00:25
wikipedia.org,2024-09-08 07:41:45,2024-09-07 16:00:25
wikipedia.org,2024-09-08 08:11:50,2024-09-07 16:00:25
wikipedia.org,2024-09-08 08:41:57,2024-09-07 16:00:25
wikipedia.org,2024-09-08 09:12:01,2024-09-07 16:00:25
wikipedia.org,2024-09-08 09:42:06,2024-09-07 16:00:25
wikipedia.org,2024-09-08 10:12:10,2024-09-07 16:00:25
wikipedia.org,2024-09-08 10:42:14,2024-09-07 16:00:25
wikipedia.org,2024-09-08 11:12:28,2024-09-07 16:00:25
wikipedia.org,2024-09-08 11:42:33,2024-09-07 16:00:25
wikipedia.org,2024-09-08 12:12:37,2024-09-07 16:00:25
wikipedia.org,2024-09-08 12:42:43,2024-09-07 16:00:25
wikipedia.org,2024-09-08 13:12:47,2024-09-07 16:00:25
wikipedia.org,2024-09-08 13:42:58,2024-09-07 16:00:25
wikipedia.org,2024-09-08 14:13:03,2024-09-07 16:00:25
wikipedia.org,2024-09-08 14:43:09,2024-09-07 16:00:25
wikipedia.org,2024-09-08 15:13:13,2024-09-07 16:00:25
wikipedia.org,2024-09-08 15:43:18,2024-09-07 16:00:25
wikipedia.org,2024-09-08 16:13:23,2024-09-07 16:00:25
wikipedia.org,2024-09-08 16:43:28,2024-09-07 16:00:25
wikipedia.org,2024-09-08 17:13:33,2024-09-07 16:00:25
wikipedia.org,2024-09-08 17:43:38,2024-09-07 16:00:25
wikipedia.org,2024-09-08 18:13:42,2024-09-07 16:00:25
wikipedia.org,2024-09-08 18:43:47,2024-09-07 16:00:25
wikipedia.org,2024-09-08 19:14:11,2024-09-07 16:00:25
wikipedia.org,2024-09-08 19:44:16,2024-09-07 16:00:25
wikipedia.org,2024-09-08 20:14:20,2024-09-07 16:00:25
wikipedia.org,2024-09-08 20:44:25,2024-09-07 16:00:25
wikipedia.org,2024-09-08 21:14:30,2024-09-07 16:00:25
wikipedia.org,2024-09-08 21:44:35,2024-09-07 16:00:25
wikipedia.org,2024-09-08 22:14:41,2024-09-07 16:00:25
wikipedia.org,2024-09-08 22:44:46,2024-09-07 16:00:25
wikipedia.org,2024-09-08 23:14:51,2024-09-07 16:00:25
wikipedia.org,2024-09-08 23:44:56,2024-09-07 16:00:25
www.microsoft.com,2024-09-07 23:59:43,2024-09-06 20:48:27
www.microsoft.com,2024-09-08 00:08:43,2024-09-06 20:47:13
www.microsoft.com,2024-09-08 00:10:41,2024-09-07 08:23:30
www.microsoft.com,2024-09-08 00:40:45,2024-09-03 21:45:17
www.microsoft.com,2024-09-08 01:10:50,2024-09-03 21:45:21
www.microsoft.com,2024-09-08 01:40:54,2024-09-03 21:45:21
www.microsoft.com,2024-09-08 02:10:58,2024-09-01 21:31:08
www.microsoft.com,2024-09-08 02:41:03,2024-09-01 21:31:08
www.microsoft.com,2024-09-08 03:11:08,2024-09-01 21:31:08
www.microsoft.com,2024-09-08 03:41:12,2024-09-05 20:46:54
www.microsoft.com,2024-09-08 04:11:17,2024-09-05 20:46:54
www.microsoft.com,2024-09-08 04:41:22,2024-09-01 21:31:08
www.microsoft.com,2024-09-08 05:11:26,2024-09-01 21:31:08
www.microsoft.com,2024-09-08 05:41:31,2024-09-05 20:46:54
www.microsoft.com,2024-09-08 06:11:35,2024-09-01 21:31:08
www.microsoft.com,2024-09-08 06:41:40,2024-09-01 21:31:08
www.microsoft.com,2024-09-08 07:11:44,2024-09-06 20:47:03
www.microsoft.com,2024-09-08 07:41:48,2024-09-01 21:31:08
www.microsoft.com,2024-09-08 08:11:54,2024-09-06 20:47:13
www.microsoft.com,2024-09-08 08:42:00,2024-09-05 20:46:59
www.microsoft.com,2024-09-08 09:12:04,2024-09-04 21:46:32
www.microsoft.com,2024-09-08 09:42:08,2024-09-07 08:23:30
www.microsoft.com,2024-09-08 10:12:13,2024-09-06 20:47:03
www.microsoft.com,2024-09-08 10:42:19,2024-09-06 20:47:03
www.microsoft.com,2024-09-08 11:12:31,2024-09-06 20:47:14
www.microsoft.com,2024-09-08 11:42:36,2024-09-06 20:47:13
www.microsoft.com,2024-09-08 12:12:41,2024-09-06 20:47:03
www.microsoft.com,2024-09-08 12:42:45,2024-09-06 20:47:03
www.microsoft.com,2024-09-08 13:12:55,2024-09-03 20:52:11
www.microsoft.com,2024-09-08 13:43:01,2024-09-06 08:23:02
www.microsoft.com,2024-09-08 14:13:07,2024-09-06 20:47:03
www.microsoft.com,2024-09-08 14:43:12,2024-09-06 08:23:02
www.microsoft.com,2024-09-08 15:13:17,2024-09-06 20:47:13
www.microsoft.com,2024-09-08 15:43:22,2024-09-06 08:23:02
www.microsoft.com,2024-09-08 16:13:27,2024-09-06 20:49:08
www.microsoft.com,2024-09-08 16:43:31,2024-09-05 20:47:14
www.microsoft.com,2024-09-08 17:13:36,2024-09-04 21:46:29
www.microsoft.com,2024-09-08 17:43:41,2024-09-07 21:42:51
www.microsoft.com,2024-09-08 18:13:46,2024-09-06 20:47:13
www.microsoft.com,2024-09-08 18:43:53,2024-09-04 21:45:32
www.microsoft.com,2024-09-08 19:14:15,2024-09-03 20:52:11
www.microsoft.com,2024-09-08 19:44:19,2024-09-03 21:46:15
www.microsoft.com,2024-09-08 20:14:24,2024-09-06 20:49:08
www.microsoft.com,2024-09-08 20:44:29,2024-09-04 21:46:29
www.microsoft.com,2024-09-08 21:14:33,2024-09-06 20:47:13
www.microsoft.com,2024-09-08 21:44:39,2024-09-06 20:47:14
www.microsoft.com,2024-09-08 22:14:44,2024-09-04 21:46:32
www.microsoft.com,2024-09-08 22:44:49,2024-09-06 20:47:13
www.microsoft.com,2024-09-08 23:14:54,2024-09-06 20:47:03
www.microsoft.com,2024-09-08 23:44:59,2024-09-04 21:45:34
yahoo.com,2024-09-07 23:59:41,2024-09-07 09:49:07
yahoo.com,2024-09-08 00:08:39,2024-09-07 09:49:07
yahoo.com,2024-09-08 00:10:39,2024-09-07 09:49:07
yahoo.com,2024-09-08 00:40:43,2024-09-07 09:49:07
yahoo.com,2024-09-08 01:10:47,2024-09-07 09:49:07
yahoo.com,2024-09-08 01:40:52,2024-09-07 09:49:07
yahoo.com,2024-09-08 02:10:56,2024-09-07 09:49:07
yahoo.com,2024-09-08 02:41:01,2024-09-07 09:49:07
yahoo.com,2024-09-08 03:11:05,2024-09-07 09:49:07
yahoo.com,2024-09-08 03:41:10,2024-09-07 09:49:07
yahoo.com,2024-09-08 04:11:14,2024-09-07 09:49:07
yahoo.com,2024-09-08 04:41:20,2024-09-07 09:49:07
yahoo.com,2024-09-08 05:11:24,2024-09-07 09:49:07
yahoo.com,2024-09-08 05:41:29,2024-09-07 09:49:07
yahoo.com,2024-09-08 06:11:33,2024-09-07 09:49:07
yahoo.com,2024-09-08 06:41:38,2024-09-07 09:49:07
yahoo.com,2024-09-08 07:11:42,2024-09-07 09:49:07
yahoo.com,2024-09-08 07:41:47,2024-09-07 09:49:07
yahoo.com,2024-09-08 08:11:51,2024-09-07 09:49:07
yahoo.com,2024-09-08 08:41:58,2024-09-07 09:49:07
yahoo.com,2024-09-08 09:12:02,2024-09-07 09:49:07
yahoo.com,2024-09-08 09:42:07,2024-09-07 09:49:07
yahoo.com,2024-09-08 10:12:10,2024-09-07 09:49:07
yahoo.com,2024-09-08 10:42:18,2024-09-07 09:49:07
yahoo.com,2024-09-08 11:12:29,2024-09-07 09:49:07
yahoo.com,2024-09-08 11:42:34,2024-09-07 09:49:07
yahoo.com,2024-09-08 12:12:38,2024-09-07 09:49:07
yahoo.com,2024-09-08 12:42:44,2024-09-07 09:49:07
yahoo.com,2024-09-08 13:12:53,2024-09-07 09:49:07
yahoo.com,2024-09-08 13:43:00,2024-09-07 09:49:07
yahoo.com,2024-09-08 14:13:05,2024-09-07 09:49:07
yahoo.com,2024-09-08 14:43:10,2024-09-07 09:49:07
yahoo.com,2024-09-08 15:13:14,2024-09-07 09:49:07
yahoo.com,2024-09-08 15:43:20,2024-09-07 09:49:07
yahoo.com,2024-09-08 16:13:24,2024-09-07 09:49:07
yahoo.com,2024-09-08 16:43:30,2024-09-07 09:49:07
yahoo.com,2024-09-08 17:13:34,2024-09-07 09:49:07
yahoo.com,2024-09-08 17:43:39,2024-09-08 09:49:21
yahoo.com,2024-09-08 18:13:43,2024-09-08 09:49:21
yahoo.com,2024-09-08 18:43:50,2024-09-08 09:49:21
yahoo.com,2024-09-08 19:14:12,2024-09-08 09:49:21
yahoo.com,2024-09-08 19:44:17,2024-09-08 09:49:21
yahoo.com,2024-09-08 20:14:21,2024-09-08 09:49:21
yahoo.com,2024-09-08 20:44:27,2024-09-08 09:49:21
yahoo.com,2024-09-08 21:14:31,2024-09-08 09:49:21
yahoo.com,2024-09-08 21:44:37,2024-09-08 09:49:21
yahoo.com,2024-09-08 22:14:42,2024-09-08 09:49:21
yahoo.com,2024-09-08 22:44:47,2024-09-08 09:49:21
yahoo.com,2024-09-08 23:14:52,2024-09-08 09:49:21
yahoo.com,2024-09-08 23:44:57,2024-09-08 09:49:21
